<?xml version="1.0" encoding="UTF-8"?>
<!-- Copyright 2002-2017 MediaArea.net <info@mediaarea.net> -->
<component type="desktop">
  <id type="desktop">mediainfo-gui.desktop</id>
  <metadata_license>CC-BY-3.0</metadata_license>
  <project_license>BSD-2-Clause</project_license>
  <name>MediaInfo</name>
  <summary>Convenient unified display of the most relevant technical and tag data for video and audio files</summary>
  <summary xml:lang="fr">Fournit des informations techniques et les tags à propos de vos fichiers video et audio</summary>
  <description>
    <p>MediaInfo is a convenient unified display of the most relevant technical and tag data for video and audio files.</p>
    <p xml:lang="fr">MediaInfo fournit des informations techniques et les tags à propos de vos fichiers video et audio.</p>
    <p>The MediaInfo data display includes :</p>
    <p xml:lang="fr">Quelles informations puis-je avoir avec MediaInfo?</p>
    <ul>
      <li>Container: format, profile, commercial name of the format, duration, overall bit rate, writing application and library, title, author, director, album, track number, date, duration...</li>
      <li xml:lang="fr">General : titre, auteur, réalisateur, album, numéro de piste, date, durée...</li>
      <li>Video: format, codec id, aspect, frame rate, bit rate, color space, chroma subsampling, bit depth, scan type, scan order...</li>
      <li xml:lang="fr">Video : codec, forme, images/s, débit...</li>
      <li>Audio: format, codec id, sample rate, channels, bit depth, language, bit rate...</li>
      <li xml:lang="fr">Audio : codec, Fréquence, nombre de cannaux, langue, débit...</li>
      <li>Text: format, codec id, language of subtitle...</li>
      <li xml:lang="fr">Texte : codec, langue des sous-titres</li>
      <li>Chapters: count of chapters, list of chapters...</li>
      <li xml:lang="fr">Chapitres : nombre de chapitres, liste des chapitres</li>
    </ul>
    <p>MediaInfo analyticals include :</p>
    <p xml:lang="fr">Quels formats (conteneur) MediaInfo sait-il lire?</p>
    <ul>
      <li>Container: MPEG-4, QuickTime, Matroska, AVI, MPEG-PS (including unprotected DVD), MPEG-TS (including unprotected Blu-ray), MXF, GXF, LXF, WMV, FLV, Real...</li>
      <li xml:lang="fr">Conteneur: MPEG-4, QuickTime, Matroska, AVI, MPEG-PS (y compris les DVD non protégés), MPEG-TS (y compris les Blu-ray non protégés), MXF, GXF, LXF, WMV, FLV, Real...</li>
      <li>Tags: Id3v1, Id3v2, Vorbis comments, APE tags...</li>
      <li xml:lang="fr">Tags: Id3v1, Id3v2, Vorbis comments, APE tags...</li>
      <li>Video: MPEG-1/2 Video, H.263, MPEG-4 Visual (including DivX, XviD), H.264/AVC, Dirac...</li>
      <li xml:lang="fr">Vidéo: MPEG-1/2 Video, H.263, MPEG-4 Visual (DivX, XviD compris), H.264/AVC, Dirac...</li>
      <li>Audio: MPEG Audio (including MP3), AC3, DTS, AAC, Dolby E, AES3, FLAC...</li>
      <li xml:lang="fr">Audio: MPEG Audio (MP3 compris), AC3, DTS, AAC, Dolby E, AES3, FLAC...</li>
      <li>Subtitles: CEA-608, CEA-708, DTVCC, SCTE-20, SCTE-128, ATSC/53, CDP, DVB Subtitle, Teletext, SRT, SSA, ASS, SAMI...</li>
      <li xml:lang="fr">Sous-titres: CEA-608, CEA-708, DTVCC, SCTE-20, SCTE-128, ATSC/53, CDP, DVB Subtitle, Teletext, SRT, SSA, ASS, SAMI...</li>
    </ul>
  </description>
  <screenshots>
    <screenshot type="default">
      <image>https://mediaarea.net/_/img/Screenshot/MediaInfo_Linux_Easy_en.png</image>
    </screenshot>
    <screenshot>
      <image>https://mediaarea.net/_/img/Screenshot/MediaInfo_Linux_Html_en.png</image>
    </screenshot>
    <screenshot>
      <image>https://mediaarea.net/_/img/Screenshot/MediaInfo_Linux_Easy_mkv_en.png</image>
    </screenshot>
    <screenshot>
      <image>https://mediaarea.net/_/img/Screenshot/MediaInfo_Linux_Html_mkv_en.png</image>
    </screenshot>
  </screenshots>
  <keywords>
    <keyword>media info</keyword>
    <keyword>metadata</keyword>
    <keyword>tag</keyword>
    <keyword>video</keyword>
    <keyword>audio</keyword>
    <keyword>subtitles</keyword>
    <keyword>chapters</keyword>
    <keyword>codec</keyword>
    <keyword>mkv</keyword>
    <keyword>mpeg</keyword>
    <keyword>mp3</keyword>
    <keyword>h264</keyword>
    <keyword>avc</keyword>
    <keyword>h265</keyword>
    <keyword>hevc</keyword>
    <keyword>avi</keyword>
  </keywords>
  <url type="homepage">https://mediaarea.net/</url>
  <url type="faq">https://mediaarea.net/MediaInfo/Support/FAQ</url>
  <url type="bugtracker">https://github.com/MediaArea/MediaInfo/issues</url>
  <url type="help">https://mediaarea.net/MediaInfo/Support</url>
  <url type="donation">https://mediaarea.net/MediaInfo/Donate</url>
  <update_contact>info@mediaarea.net</update_contact>
  <developer_name>MediaArea.net SARL</developer_name>
</component>
