<?xml version="1.0" encoding="utf-8"?><scpd xmlns="urn:schemas-upnp-org:service-1-0"><specVersion><major>1</major><minor>1</minor></specVersion><actionList><action><name>GetSearchCapabilities</name><argumentList><argument><name>SearchCaps</name><direction>out</direction><relatedStateVariable>A_ARG_TYPE_GetSearchCapabilities_SearchCaps</relatedStateVariable></argument></argumentList></action><action><name>GetSortCapabilities</name><argumentList><argument><name>SortCaps</name><direction>out</direction><relatedStateVariable>A_ARG_TYPE_GetSortCapabilities_SortCaps</relatedStateVariable></argument></argumentList></action><action><name>GetSystemUpdateID</name><argumentList><argument><name>Id</name><direction>out</direction><relatedStateVariable>SystemUpdateID</relatedStateVariable></argument></argumentList></action><action><name>Browse</name><argumentList><argument><name>ObjectID</name><direction>in</direction><relatedStateVariable>A_ARG_TYPE_Browse_ObjectID</relatedStateVariable></argument><argument><name>BrowseFlag</name><direction>in</direction><relatedStateVariable>A_ARG_TYPE_Browse_BrowseFlag</relatedStateVariable></argument><argument><name>Filter</name><direction>in</direction><relatedStateVariable>A_ARG_TYPE_Browse_Filter</relatedStateVariable></argument><argument><name>StartingIndex</name><direction>in</direction><relatedStateVariable>A_ARG_TYPE_Browse_StartingIndex</relatedStateVariable></argument><argument><name>RequestedCount</name><direction>in</direction><relatedStateVariable>A_ARG_TYPE_Browse_RequestedCount</relatedStateVariable></argument><argument><name>SortCriteria</name><direction>in</direction><relatedStateVariable>A_ARG_TYPE_Browse_SortCriteria</relatedStateVariable></argument><argument><name>Result</name><direction>out</direction><relatedStateVariable>A_ARG_TYPE_Browse_Result</relatedStateVariable></argument><argument><name>NumberReturned</name><direction>out</direction><relatedStateVariable>A_ARG_TYPE_Browse_NumberReturned</relatedStateVariable></argument><argument><name>TotalMatches</name><direction>out</direction><relatedStateVariable>A_ARG_TYPE_Browse_TotalMatches</relatedStateVariable></argument><argument><name>UpdateID</name><direction>out</direction><relatedStateVariable>A_ARG_TYPE_Browse_UpdateID</relatedStateVariable></argument></argumentList></action><action><name>Search</name><argumentList><argument><name>ContainerID</name><direction>in</direction><relatedStateVariable>A_ARG_TYPE_Search_ContainerID</relatedStateVariable></argument><argument><name>SearchCriteria</name><direction>in</direction><relatedStateVariable>A_ARG_TYPE_Search_SearchCriteria</relatedStateVariable></argument><argument><name>Filter</name><direction>in</direction><relatedStateVariable>A_ARG_TYPE_Search_Filter</relatedStateVariable></argument><argument><name>StartingIndex</name><direction>in</direction><relatedStateVariable>A_ARG_TYPE_Search_StartingIndex</relatedStateVariable></argument><argument><name>RequestedCount</name><direction>in</direction><relatedStateVariable>A_ARG_TYPE_Search_RequestedCount</relatedStateVariable></argument><argument><name>SortCriteria</name><direction>in</direction><relatedStateVariable>A_ARG_TYPE_Search_SortCriteria</relatedStateVariable></argument><argument><name>Result</name><direction>out</direction><relatedStateVariable>A_ARG_TYPE_Search_Result</relatedStateVariable></argument><argument><name>NumberReturned</name><direction>out</direction><relatedStateVariable>A_ARG_TYPE_Search_NumberReturned</relatedStateVariable></argument><argument><name>TotalMatches</name><direction>out</direction><relatedStateVariable>A_ARG_TYPE_Search_TotalMatches</relatedStateVariable></argument><argument><name>UpdateID</name><direction>out</direction><relatedStateVariable>A_ARG_TYPE_Search_UpdateID</relatedStateVariable></argument></argumentList></action></actionList><serviceStateTable><stateVariable sendEvents="yes"><name>TransferIDs</name><dataType>string</dataType></stateVariable><stateVariable sendEvents="yes"><name>SystemUpdateID</name><dataType>ui4</dataType></stateVariable><stateVariable sendEvents="yes"><name>ContainerUpdateIDs</name><dataType>string</dataType></stateVariable><stateVariable sendEvents="no"><name>A_ARG_TYPE_GetSearchCapabilities_SearchCaps</name><dataType>string</dataType></stateVariable><stateVariable sendEvents="no"><name>A_ARG_TYPE_GetSortCapabilities_SortCaps</name><dataType>string</dataType></stateVariable><stateVariable sendEvents="no"><name>A_ARG_TYPE_Browse_ObjectID</name><dataType>string</dataType></stateVariable><stateVariable sendEvents="no"><name>A_ARG_TYPE_Browse_BrowseFlag</name><dataType>string</dataType><allowedValueList><allowedValue>BrowseDirectChildren</allowedValue><allowedValue>BrowseMetadata</allowedValue></allowedValueList></stateVariable><stateVariable sendEvents="no"><name>A_ARG_TYPE_Browse_Filter</name><dataType>string</dataType></stateVariable><stateVariable sendEvents="no"><name>A_ARG_TYPE_Browse_StartingIndex</name><dataType>ui4</dataType></stateVariable><stateVariable sendEvents="no"><name>A_ARG_TYPE_Browse_RequestedCount</name><dataType>ui4</dataType></stateVariable><stateVariable sendEvents="no"><name>A_ARG_TYPE_Browse_SortCriteria</name><dataType>string</dataType></stateVariable><stateVariable sendEvents="no"><name>A_ARG_TYPE_Browse_Result</name><dataType>string</dataType></stateVariable><stateVariable sendEvents="no"><name>A_ARG_TYPE_Browse_NumberReturned</name><dataType>ui4</dataType></stateVariable><stateVariable sendEvents="no"><name>A_ARG_TYPE_Browse_TotalMatches</name><dataType>ui4</dataType></stateVariable><stateVariable sendEvents="no"><name>A_ARG_TYPE_Browse_UpdateID</name><dataType>ui4</dataType></stateVariable><stateVariable sendEvents="no"><name>A_ARG_TYPE_Search_ContainerID</name><dataType>string</dataType></stateVariable><stateVariable sendEvents="no"><name>A_ARG_TYPE_Search_SearchCriteria</name><dataType>string</dataType></stateVariable><stateVariable sendEvents="no"><name>A_ARG_TYPE_Search_Filter</name><dataType>string</dataType></stateVariable><stateVariable sendEvents="no"><name>A_ARG_TYPE_Search_StartingIndex</name><dataType>ui4</dataType></stateVariable><stateVariable sendEvents="no"><name>A_ARG_TYPE_Search_RequestedCount</name><dataType>ui4</dataType></stateVariable><stateVariable sendEvents="no"><name>A_ARG_TYPE_Search_SortCriteria</name><dataType>string</dataType></stateVariable><stateVariable sendEvents="no"><name>A_ARG_TYPE_Search_Result</name><dataType>string</dataType></stateVariable><stateVariable sendEvents="no"><name>A_ARG_TYPE_Search_NumberReturned</name><dataType>ui4</dataType></stateVariable><stateVariable sendEvents="no"><name>A_ARG_TYPE_Search_TotalMatches</name><dataType>ui4</dataType></stateVariable><stateVariable sendEvents="no"><name>A_ARG_TYPE_Search_UpdateID</name><dataType>ui4</dataType></stateVariable></serviceStateTable></scpd>