<?xml version="1.0"?>
<scpd xmlns="urn:schemas-upnp-org:service-1-0">
  <specVersion>
    <major>1</major>
    <minor>0</minor>
  </specVersion>
  <actionList>
    <action>
      <name>Play</name>
    </action>
    <action>
      <name>Stop</name>
    </action>
    <action>
      <name>SetSender</name>
      <argumentList>
        <argument>
          <name>Uri</name>
          <direction>in</direction>
          <relatedStateVariable>Uri</relatedStateVariable>
        </argument>
        <argument>
          <name>Metadata</name>
          <direction>in</direction>
          <relatedStateVariable>Metadata</relatedStateVariable>
        </argument>
      </argumentList>
    </action>
    <action>
      <name>Sender</name>
      <argumentList>
        <argument>
          <name>Uri</name>
          <direction>out</direction>
          <relatedStateVariable>Uri</relatedStateVariable>
        </argument>
        <argument>
          <name>Metadata</name>
          <direction>out</direction>
          <relatedStateVariable>Metadata</relatedStateVariable>
        </argument>
      </argumentList>
    </action>
    <action>
      <name>ProtocolInfo</name>
      <argumentList>
        <argument>
          <name>Value</name>
          <direction>out</direction>
          <relatedStateVariable>ProtocolInfo</relatedStateVariable>
        </argument>
      </argumentList>
    </action>
    <action>
      <name>TransportState</name>
      <argumentList>
        <argument>
          <name>Value</name>
          <direction>out</direction>
          <relatedStateVariable>TransportState</relatedStateVariable>
        </argument>
      </argumentList>
    </action>
  </actionList>
  <serviceStateTable>
    <stateVariable sendEvents="yes">
      <name>Uri</name>
      <dataType>string</dataType>
    </stateVariable>
    <stateVariable sendEvents="yes">
      <name>Metadata</name>
      <dataType>string</dataType>
    </stateVariable>
    <stateVariable sendEvents="yes">
      <name>TransportState</name>
      <dataType>string</dataType>
      <allowedValueList>
        <allowedValue>Stopped</allowedValue>
        <allowedValue>Playing</allowedValue>
        <allowedValue>Waiting</allowedValue>
        <allowedValue>Buffering</allowedValue>
      </allowedValueList>
    </stateVariable>
    <stateVariable sendEvents="yes">
      <name>ProtocolInfo</name>
      <dataType>string</dataType>
    </stateVariable>
  </serviceStateTable>
</scpd>
