{"userstations":[{"type": "u","station": "https://0n-60s.radionetz.de/0n-60s.mp3","logo": "local","name": "0n Radio - 60s"},{"type": "u","station": "https://0n-70s.radionetz.de/0n-70s.mp3","logo": "local","name": "0n Radio - 70s"},{"type": "u","station": "https://0n-80s.radionetz.de/0n-80s.mp3","logo": "local","name": "0n Radio - 80s"},{"type": "u","station": "https://0n-90s.radionetz.de/0n-90s.mp3","logo": "local","name": "0n Radio - 90s"},{"type": "u","station": "https://0n-2000s.radionetz.de/0n-2000s.mp3","logo": "local","name": "0n Radio - 2000s"},{"type": "u","station": "https://0n-hits.radionetz.de/0n-hits.mp3","logo": "local","name": "0n Radio - Hits"},{"type": "u","station": "https://0n-charts.radionetz.de/0n-charts.mp3","logo": "local","name": "0n Radio - Charts"},{"type": "u","station": "https://0n-pop.radionetz.de/0n-pop.mp3","logo": "local","name": "0n Radio - Pop"},{"type": "u","station": "https://0n-oldies.radionetz.de/0n-oldies.mp3","logo": "local","name": "0n Radio - Oldies"},{"type": "u","station": "https://0n-top40.radionetz.de/0n-top40.mp3","logo": "local","name": "0n Radio - Top40"},{"type": "u","station": "https://0n-rock.radionetz.de/0n-rock.mp3","logo": "local","name": "0n Radio - Rock"},{"type": "u","station": "https://0n-black.radionetz.de/0n-black.mp3","logo": "local","name": "0n Radio - Black"},{"type": "u","station": "https://0n-dance.radionetz.de/0n-dance.mp3","logo": "local","name": "0n Radio - Dance"},{"type": "u","station": "https://0n-schlager.radionetz.de/0n-schlager.mp3","logo": "local","name": "0n Radio - Schlager"},{"type": "u","station": "https://0n-jazz.radionetz.de/0n-jazz.mp3","logo": "local","name": "0n Radio - Jazz"},{"type": "u","station": "https://0n-chillout.radionetz.de/0n-chillout.mp3","logo": "local","name": "0n Radio - Chillout"},{"type": "u","station": "https://0n-relax.radionetz.de/0n-relax.mp3","logo": "local","name": "0n Radio - Relax"},{"type": "u","station": "https://0n-country.radionetz.de/0n-country.mp3","logo": "local","name": "0n Radio - Country"},{"type": "u","station": "https://0n-schlagerkult.radionetz.de/0n-schlagerkult.mp3","logo": "local","name": "0n Radio - Schlagerkult"},{"type": "u","station": "https://0n-schlagergold.radionetz.de/0n-schlagergold.mp3","logo": "local","name": "0n Radio - Schlagergold"},{"type": "u","station": "https://0n-volksmusik.radionetz.de/0n-volksmusik.mp3","logo": "local","name": "0n Radio - Volksmusik"},{"type": "u","station": "https://0n-party.radionetz.de/0n-party.mp3","logo": "local","name": "0n Radio - Party"},{"type": "u","station": "https://0n-deutschpop.radionetz.de/0n-deutschpop.mp3","logo": "local","name": "0n Radio - Deutschpop"},{"type": "u","station": "https://0n-deutschrap.radionetz.de/0n-deutschrap.mp3","logo": "local","name": "0n Radio - Deutschrap"},{"type": "u","station": "https://0n-disco.radionetz.de/0n-disco.mp3","logo": "local","name": "0n Radio - Disco"},{"type": "u","station": "https://0n-electro.radionetz.de/0n-electro.mp3","logo": "local","name": "0n Radio - Electro"},{"type": "u","station": "https://0n-gothic.radionetz.de/0n-gothic.mp3","logo": "local","name": "0n Radio - Gothic"},{"type": "u","station": "https://0n-classicrock.radionetz.de/0n-classicrock.mp3","logo": "local","name": "0n Radio - Classicrock"},{"type": "u","station": "https://0n-indie.radionetz.de/0n-indie.mp3","logo": "local","name": "0n Radio - Indie"},{"type": "u","station": "https://0n-smoothjazz.radionetz.de/0n-smoothjazz.mp3","logo": "local","name": "0n Radio - Smooth Jazz"},{"type": "u","station": "https://0n-klassik.radionetz.de/0n-klassik.mp3","logo": "local","name": "0n Radio - Klassik"},{"type": "u","station": "https://0n-movies.radionetz.de/0n-movies.mp3","logo": "local","name": "0n Radio - Movies"},{"type": "u","station": "https://0n-gay.radionetz.de/0n-gay.mp3","logo": "local","name": "0n Radio - Gay"},{"type": "u","station": "https://0n-kult.radionetz.de/0n-kult.mp3","logo": "local","name": "0n Radio - Kult"},{"type": "u","station": "https://0n-jukebox.radionetz.de/0n-jukebox.mp3","logo": "local","name": "0n Radio - Jukebox"},{"type": "u","station": "https://0n-weihnachten.radionetz.de/0n-weihnachten.mp3","logo": "local","name": "0n Radio - Weihnachten"},{"type": "u","station": "https://0n-christmas.radionetz.de/0n-christmas.mp3","logo": "local","name": "0n Radio - Christmas"}]}